id,group,class,priority,title,requirement,sources,acceptance,implementation_status
PRJ-SCP-001,SCP,R,Must for applicable release,Preserve the five-step contract,The system shall retain Project details; Parties & access; Buildings; Attachments; Review & create. Materials and BOQ rows shall not be prerequisites for creating a project. Editing shall reuse the same field components and domain rules rather than create a competing project editor.,"R01, R03, R04, A01","PC-AT-01,PC-AT-02",Not implemented or tested by this document
PRJ-SCP-002,SCP,R,Must for applicable release,Stable identity and bounded authority,"Every committed command and relation shall use immutable project, scope and Auth identities. Human names and references shall be display/search fields, not foreign keys or authorization evidence. Accounts and Procurement shall not gain technical mutation rights through this redesign.","R01, R03, R04, A01","PC-AT-03,PC-AT-04",Not implemented or tested by this document
PRJ-SCP-003,SCP,R,Must for applicable release,One scope-local initialization rule,"A successful create transaction shall create one immutable Common scope, the submitted physical buildings, initial membership history and one independent Workshop Materials folder per real scope using current protected configuration. It shall not seed AC Units, 29 folders or other scopes’ custom folders.","R01, R03, R04, A01","PC-AT-05,PC-AT-06",Not implemented or tested by this document
PRJ-SCP-004,SCP,R,Must for applicable release,Separate operational and financial setup,"Creating or editing a project shall not create a commercial baseline, allocate contract value, confirm billing progress, reserve claims, create invoices or change money. Existing Accounts records and historical document snapshots shall remain unchanged.","R01, R03, R04, A01","PC-AT-06,PC-AT-07",Not implemented or tested by this document
PRJ-SCP-005,SCP,T,Must for applicable release,No prototype data as business policy,"Generated screen values, stars, names, dates and status copy shall not define validation, permissions, committed state or seed data. The implementation shall use this field contract and verified server policy; samples remain isolated test fixtures.","R01, R03, R04, A01",PC-AT-08,Not implemented or tested by this document
PRJ-AUT-001,AUT,R,Must for applicable release,Authorize every read and mutation,"The server shall verify active identity, exact role, effective scoped capability, membership and record state for every project read, create, update, membership and lifecycle command. Missing or stale authorization shall fail closed; UI visibility shall not provide authority.","R01, R03, R04, R09–R12","PC-AT-03,PC-AT-04,PC-AT-09",Not implemented or tested by this document
PRJ-AUT-002,AUT,R,Must for applicable release,Separate initial access from later team changes,"Initial member assignment shall use the retained creation transaction and its exact Site Engineer exception. Later assignments/revocations shall use protected membership commands with reason and expected version, never an initial_members field smuggled into a project update.","R01, R03, R04, R09–R12","PC-AT-09,PC-AT-10",Not implemented or tested by this document
PRJ-AUT-003,AUT,R,Must for applicable release,Activation needs an eligible Project Engineer,The system shall activate only when the server’s active Project Engineer prerequisite is met. A valid created project without that prerequisite shall remain an explicitly described server draft. Saving local input is always distinct from activation.,"R01, R03, R04, R09–R12","PC-AT-10,PC-AT-11",Not implemented or tested by this document
PRJ-AUT-004,AUT,T,Must for applicable release,Explain membership consequences before commit,"The review shall show the creator’s automatic membership where applicable, selected members’ exact roles and which access will take effect. Selecting a company as Client, Consultant or Contractor shall not invite that company or create an external account.","R01, R03, R04, R09–R12","PC-AT-10,PC-AT-12",Not implemented or tested by this document
PRJ-AUT-005,AUT,T,Must for applicable release,Searchable safe team picker,"The team selector shall use the existing authorized active-user directory, show role and a permitted disambiguator for similar names, and retain selected IDs across search/filter changes. It shall not infer duplicates by name or change a person’s role from an avatar card.","R01, R03, R04, R09–R12","PC-AT-09,PC-AT-12",Not implemented or tested by this document
PRJ-AUT-006,AUT,T,Must for applicable release,Revocation and session changes,"When sign-out, user change or revocation is detected, the client shall fence pending saves to their original owner/context, clear protected active views and reauthorize new requests. It shall never restore one user’s local proposal to another or expose unauthorized directory/cache data.","R01, R03, R04, R09–R12","PC-AT-13,PC-AT-14",Not implemented or tested by this document
PRJ-AUT-007,AUT,R,Must for applicable release,Lifecycle-dependent editability,"Normal metadata edits shall respect the retained Draft/Active state rules. On Hold, Completed and Archived shall not be made editable by reusing the Create form. An unavailable action shall state the safe reason and link to an authorized next step.","R01, R03, R04, R09–R12",PC-AT-15,Not implemented or tested by this document
PRJ-AUT-008,AUT,T,Must for applicable release,Prevent removal of necessary access,Team removal or replacement shall preview affected responsibility and be validated by its trusted command. The UI shall not invent a Site Engineer promotion or remove an activation/approval prerequisite merely to make the setup appear complete.,"R01, R03, R04, R09–R12","PC-AT-10,PC-AT-15",Not implemented or tested by this document
PRJ-FLD-001,FLD,R,Must for applicable release,Only authoritative required fields,"The form shall require project reference, project name and at least one valid named building at commit, plus action-specific authorization prerequisites. Optional client, consultant, main-contractor, date, code, level and address inputs shall not acquire required stars from a mockup.","R08, R09, R12; E01, E04, E05","PC-AT-08,PC-AT-16",Not implemented or tested by this document
PRJ-FLD-002,FLD,T,Must for applicable release,Reference validation without destructive normalization,"Reference availability checks shall be advisory, debounced and server-scoped; a unique constraint remains authoritative at commit. Display proposed normalization without moving the caret or losing leading zeroes. Duplicate errors shall not disclose another unauthorized project’s identity.","R08, R09, R12; E01, E04, E05","PC-AT-16,PC-AT-17",Not implemented or tested by this document
PRJ-FLD-003,FLD,T,Must for applicable release,Long text and hidden-field preservation,"Long official names and permitted multiline text shall remain editable and recoverable. A layout abbreviation shall not truncate stored data. Editing a visible subset shall preserve existing supported contact fields, flags and metadata unless the user explicitly changes them.","R08, R09, R12; E01, E04, E05",PC-AT-18,Not implemented or tested by this document
PRJ-FLD-004,FLD,T,Must for applicable release,One keyboard-friendly date control,"Each date shall accept unambiguous typed input and an accessible calendar button. Use one field per date rather than three obligatory tab stops. The displayed format shall be explained; the boundary shall preserve a calendar date, not shift it through UTC.","R08, R09, R12; E01, E04, E05","PC-AT-19,PC-AT-20",Not implemented or tested by this document
PRJ-FLD-005,FLD,R,Must for applicable release,Date rules and blank semantics,"Optional blank dates shall remain null. Entered dates shall be real calendar dates within the retained supported window, with end not before start when both exist. Invalid partial date text shall remain in the local editor until corrected, not normalize into another valid day.","R08, R09, R12; E01, E04, E05",PC-AT-19,Not implemented or tested by this document
PRJ-FLD-006,FLD,T,Must for applicable release,Progressive validation,"Validate a field after meaningful interaction or attempted continuation; validate the complete payload before commit. Keep input, show a specific inline remedy and a linked summary for multiple errors. Required-but-untouched fields shall not all appear red on first load.","R08, R09, R12; E01, E04, E05","PC-AT-16,PC-AT-19,PC-AT-21",Not implemented or tested by this document
PRJ-FLD-007,FLD,T,Must for applicable release,No implicit master-data creation,"Autocomplete shall show authorized existing choices and, only where already supported, an explicit use-as-text choice. Entering a new party name shall not create a supplier account, contact record, user or permission grant in the background.","R08, R09, R12; E01, E04, E05","PC-AT-12,PC-AT-22",Not implemented or tested by this document
PRJ-FLD-008,FLD,T,Must for applicable release,Preserve unfinished entries,"Pending contractor chips and partially entered building rows shall be part of recoverable form state. On final review, require an explicit Add/apply or discard decision for meaningful unadded values rather than silently dropping them.","R08, R09, R12; E01, E04, E05",PC-AT-23,Not implemented or tested by this document
PRJ-FLD-009,FLD,T,Must for applicable release,Readable errors before busy states,Local validation shall complete before a network spinner. A disabled commit control shall have a visible reason when it cannot be invoked; ordinary Continue may remain actionable to expose field errors. Do not replace actionable validation with a generic toast.,"R08, R09, R12; E01, E04, E05","PC-AT-21,PC-AT-24",Not implemented or tested by this document
PRJ-NAV-001,NAV,R,Must for applicable release,Clear create versus edit mode,The page shall identify Create project or Edit project with the existing immutable project context. The final action shall be Create project or Save changes respectively; edit shall never call createProject as a substitute for updating a record.,"R03, R08; E02, E03","PC-AT-01,PC-AT-02",Not implemented or tested by this document
PRJ-NAV-002,NAV,T,Must for applicable release,Revisit completed setup steps,"Creation shall support Back, Continue and direct return to any previously visited step without losing input. Invalid incomplete work may be saved locally. Only progression past the current validation boundary and final commit require the relevant checks; returning to an earlier step is not blocked by an unrelated optional field.","R03, R08; E02, E03",PC-AT-25,Not implemented or tested by this document
PRJ-NAV-003,NAV,T,Must for applicable release,Direct edit section navigation,"Edit mode shall expose the same section order with freely selectable Details, Parties & access, Buildings, Attachments and Review changes. Switching a section shall not save live changes, reset the proposal or require traversing every earlier step.","R03, R08; E02, E03","PC-AT-02,PC-AT-25",Not implemented or tested by this document
PRJ-NAV-004,NAV,T,Must for applicable release,Tab selection and panel focus,In-page tabs shall distinguish focused from selected state. Use manual Enter/Space activation for panels that may load; arrow and Home/End navigation shall apply only inside the tablist. Stepper links may instead use semantic navigation with equivalent keyboard reachability.,"R03, R08; E02, E03","PC-AT-25,PC-AT-26",Not implemented or tested by this document
PRJ-NAV-005,NAV,T,Must for applicable release,Preserve context through navigation,"Step changes, browser Back/Forward and record-inspector visits shall preserve draft identity, unfinished editor values and stable scroll/focus restoration. URLs/history shall identify allowed context without embedding personal form data or generating a new create intent.","R03, R08; E02, E03","PC-AT-23,PC-AT-25,PC-AT-27",Not implemented or tested by this document
PRJ-NAV-006,NAV,T,Must for applicable release,Honest browser-tab behavior,"Browser Ctrl+Tab and OS app switching shall retain their native function. Returning to the app shall reconcile local draft ownership and any pending command before re-enabling edits, without treating page visibility or route exit as abandonment.","R03, R08; E02, E03","PC-AT-27,PC-AT-28",Not implemented or tested by this document
PRJ-NAV-007,NAV,T,Must for applicable release,Review links and outcome labels,"Review Edit links shall take the user to the exact section/field and provide a return path to review. Final copy shall describe active versus server-draft outcome, automatic Common/default folders, selected team effect and outstanding files. No unconditional green ready banner is allowed when a prerequisite is unresolved.","R03, R08; E02, E03","PC-AT-11,PC-AT-21,PC-AT-29",Not implemented or tested by this document
PRJ-NAV-008,NAV,T,Must for applicable release,Guard leaving and discarding,"Leaving unpublished edits shall offer Keep working or Leave with locally saved draft when storage confirms safety, otherwise explain loss risk. Discard requires explicit confirmation for meaningful content. An unresolved post-send command cannot be forgotten by discarding form input.","R03, R08; E02, E03","PC-AT-14,PC-AT-27,PC-AT-30",Not implemented or tested by this document
PRJ-KEY-001,KEY,T,Must for applicable release,Complete keyboard path,"A keyboard-only user shall create, resume and edit a project including parties, eligible team, building FRP, attachment selection and final review without a mouse. Every focusable control shall show a visible focus state and a meaningful accessible name.","E01–E06, R01, R08","PC-AT-26,PC-AT-31",Not implemented or tested by this document
PRJ-KEY-002,KEY,T,Must for applicable release,Stable focus objects and caret,"Focus nodes/controllers shall be long-lived and correctly disposed. Draft persistence, validation, directory refresh and responsive rebuilds shall not move the caret to the end, reverse typing, interrupt IME composition or refocus an unrelated field.","E01–E06, R01, R08","PC-AT-31,PC-AT-32",Not implemented or tested by this document
PRJ-KEY-003,KEY,T,Must for applicable release,Reading-order traversal,Tab order shall match visible row-major field order on desktop and the same semantic order when stacked on smaller screens. Each interactive component shall have one documented keyboard model; it shall not require tabbing through hidden columns or offscreen duplicate controls.,"E01–E06, R01, R08","PC-AT-26,PC-AT-33",Not implemented or tested by this document
PRJ-KEY-004,KEY,T,Must for applicable release,No accidental submission,Enter in a normal text or multiline field shall not activate Create project or Save changes. There shall be no globally intercepted Ctrl+Enter commit. A final mutation requires an explicit focused action after review.,"E01–E06, R01, R08","PC-AT-31,PC-AT-34",Not implemented or tested by this document
PRJ-KEY-005,KEY,T,Must for applicable release,Scope keyboard shortcuts,"Implement the keyboard table with route/component-scoped shortcuts only. Preserve browser, OS and assistive-technology shortcuts; user-configurable extra shortcuts shall be disableable. Ctrl/Cmd+S shall save local input, never live project data.","E01–E06, R01, R08","PC-AT-26,PC-AT-34",Not implemented or tested by this document
PRJ-KEY-006,KEY,T,Must for applicable release,Accessible pickers and dates,"Searchable team/party pickers and date dialogs shall support arrows, Enter, Escape and focus return; expose selected and disabled states and announce loading/no results. A failed lookup shall not clear selections or masquerade as an empty directory.","E01–E06, R01, R08","PC-AT-19,PC-AT-31,PC-AT-35",Not implemented or tested by this document
PRJ-KEY-007,KEY,T,Must for applicable release,Clipboard with explicit mapping,"Ordinary text paste shall remain literal. Bulk building paste shall be offered only in an approved dedicated preview; preserve leading zeroes, label lists and source row positions. Ignore no invalid row silently, execute no formulas and do not import permissions from pasted names.","E01–E06, R01, R08",PC-AT-36,Not implemented or tested by this document
PRJ-KEY-008,KEY,T,Must for applicable release,Recoverable local list actions,"Adding, editing, duplicating, removing or reordering local parties/buildings shall use stable IDs and support explicit undo before final commit. Undo shall restore the prior row including FRP and identity; it shall never become an unauthorized server reversal.","E01–E06, R01, R08","PC-AT-23,PC-AT-37",Not implemented or tested by this document
PRJ-KEY-009,KEY,T,Must for applicable release,Screen-reader and mixed-input checks,"The acceptance matrix shall test Windows keyboard/screen readers, mobile screen readers and tablet external keyboards. Changing input method mid-task shall preserve focus, values and permission semantics.","E01–E06, R01, R08","PC-AT-31,PC-AT-33,PC-AT-35",Not implemented or tested by this document
PRJ-UX-001,UX,T,Must for applicable release,Consistent visual system,"Reuse AppColors, AppSpacing, AppTypography and shared Yorks controls. Proposed form tokens shall be mapped to them, not introduced as a parallel theme. Use navy identity, blue primary actions, subtle neutral surfaces and semantic color only with text/icons.","E01, E04–E06; U01, U02","PC-AT-33,PC-AT-38",Not implemented or tested by this document
PRJ-UX-002,UX,T,Must for applicable release,Readable symmetric forms,"Related field labels and inputs shall align on a consistent grid, with stable vertical rhythm and room for wrapped labels/errors. Avoid narrow controls created by decorative help panels, forced empty space, duplicate headings or ambiguous icon-only actions.","E01, E04–E06; U01, U02","PC-AT-33,PC-AT-38",Not implemented or tested by this document
PRJ-UX-003,UX,T,Must for applicable release,One primary action per task,"Continue or the reviewed final action shall be visually primary. Save draft, Back, optional Skip and file actions shall be secondary. Destructive actions shall not sit at equal prominence beside a routine continuation.","E01, E04–E06; U01, U02","PC-AT-29,PC-AT-38",Not implemented or tested by this document
PRJ-UX-004,UX,T,Must for applicable release,Guidance at the point of need,Each step shall explain its purpose and important consequence in brief plain language. Optional details may use progressive disclosure. Contextual help shall not repeat long generic instructions or hide mandatory meaning in a tooltip.,"E01, E04–E06; U01, U02","PC-AT-21,PC-AT-29,PC-AT-38",Not implemented or tested by this document
PRJ-UX-005,UX,T,Must for applicable release,Responsive parity,"Desktop, tablet and phone shall expose the same permitted fields and commands, with purpose-built layouts. A smaller device shall not lose project creation, edit, dates, team, FRP, attachments, review or recovery capability.","E01, E04–E06; U01, U02","PC-AT-33,PC-AT-39",Not implemented or tested by this document
PRJ-UX-006,UX,T,Must for applicable release,No obstruction or scroll traps,"The main form shall have one understandable vertical scrolling region. Sticky footers/headers shall reserve space, respect safe areas and the software keyboard, and never obscure the focused field, error or final action. Child lists may be bounded without trapping wheel/touch scrolling.","E01, E04–E06; U01, U02","PC-AT-33,PC-AT-39",Not implemented or tested by this document
PRJ-UX-007,UX,T,Must for applicable release,Accessibility target is testable,"The actual Flutter web experience shall target WCAG 2.2 AA. Test contrast, focus visibility, focus not obscured, meaningful order, status announcements, input assistance and reflow; component-library use alone is not evidence of conformance.","E01, E04–E06; U01, U02","PC-AT-31,PC-AT-33,PC-AT-35",Not implemented or tested by this document
PRJ-UX-008,UX,T,Must for applicable release,No color-only or hover-only meaning,"Errors, step completion, selection, offline and saved state shall have textual meaning and accessible state, not color alone. Every essential hover action shall also be available to touch and keyboard users.","E01, E04–E06; U01, U02","PC-AT-21,PC-AT-33,PC-AT-38",Not implemented or tested by this document
PRJ-UX-009,UX,T,Must for applicable release,Locale and reduced motion,"Preserve the application’s configured supported languages, including RTL behavior where supported, translated validation and accessible names. Dates/references shall remain unambiguous. Motion shall be short, nonblocking and disabled/reduced for the user preference.","E01, E04–E06; U01, U02","PC-AT-19,PC-AT-32,PC-AT-40",Not implemented or tested by this document
PRJ-DRF-001,DRF,R,Must for applicable release,Local draft has no business side effects,"Local autosave shall persist recoverable input only. It shall not create project rows, memberships, folders, activation, notifications to team members, commercial records or queued critical commands.","R03, R05–R09; U01",PC-AT-41,Not implemented or tested by this document
PRJ-DRF-002,DRF,T,Must for applicable release,Separate create and edit storage,"Create and edit drafts shall use distinct versioned records. Edit recovery shall retain immutable project ID, base project version, original editable snapshot and complete unpublished proposal, including sourceScopeId. A restored edit shall never be replayed as a new project.","R03, R05–R09; U01","PC-AT-02,PC-AT-42",Not implemented or tested by this document
PRJ-DRF-003,DRF,T,Must for applicable release,Owner and environment isolation,"Keys shall isolate verified Auth user, backend/environment, record kind, draft ID and project ID for edit mode. Existing owner-only draft keys shall migrate non-destructively with provenance; staging work must not restore into production or another user’s session.","R03, R05–R09; U01","PC-AT-13,PC-AT-14,PC-AT-43",Not implemented or tested by this document
PRJ-DRF-004,DRF,T,Must for applicable release,Persist all meaningful input,"Snapshots shall include completed fields, raw partial date input, unfinished party/building sub-editor, stable temporary row IDs, selected members, per-building FRP, attachments metadata, current/visited step and safe recovery position. Nonserializable file bytes/handles shall not be falsely recorded as durable uploads.","R03, R05–R09; U01","PC-AT-23,PC-AT-32,PC-AT-42",Not implemented or tested by this document
PRJ-DRF-005,DRF,T,Must for applicable release,Acknowledge storage before saved,"Track dirty_revision, persisted_revision and storage health separately. Show “Saved on this device” only when the adapter acknowledges that revision; an older completed write shall not mark newer input saved. A storage failure shall retain dirty input and a persistent corrective message.","R03, R05–R09; U01","PC-AT-24,PC-AT-41,PC-AT-44",Not implemented or tested by this document
PRJ-DRF-006,DRF,T,Must for applicable release,Serialize and coalesce local writes,"Use one serialized writer per owned draft; coalesce newer snapshots without reordering them. Keep the existing short autosave cadence unless measured changes justify it. After editing settles, target acknowledged recovery within one second on the test device; storage failure is an explicit state.","R03, R05–R09; U01","PC-AT-41,PC-AT-44,PC-AT-45",Not implemented or tested by this document
PRJ-DRF-007,DRF,T,Must for applicable release,Flush deliberate transitions,"Continue, Back, step selection, Save draft and supported route exits shall flush and await relevant local writes where possible. Lifecycle/unload hooks are best-effort only; periodic persistence and a pending-intent journal provide recovery. Do not promise an awaited network save on tab close.","R03, R05–R09; U01","PC-AT-25,PC-AT-27,PC-AT-41",Not implemented or tested by this document
PRJ-DRF-008,DRF,T,Must for applicable release,Do not block safe typing on local failures,"When storage is unavailable/quota-limited, show “Draft cannot be saved on this device. Keep this page open.” Keep the in-memory proposal usable and allow explicit connected commit if its required intent journal can be durably established; otherwise block that unsafe submission and explain why.","R03, R05–R09; U01","PC-AT-24,PC-AT-44",Not implemented or tested by this document
PRJ-DRF-009,DRF,T,Must for applicable release,Browser single-writer protection,"Two tabs opening the same local draft shall not overwrite each other. Use a proven atomic revision/ownership mechanism, such as transactional browser storage with a fencing epoch; broadcasts are hints only. A secondary tab shall open read-only with a deliberate takeover/reload choice.","R03, R05–R09; U01","PC-AT-28,PC-AT-45,PC-AT-46",Not implemented or tested by this document
PRJ-DRF-010,DRF,T,Must for applicable release,Lease takeover and suspended tabs,Ownership transfer shall atomically increment a fencing generation and re-read the latest persisted revision. A sleeping/resumed former owner shall be unable to overwrite after takeover. All irreversible commands remain server-idempotent even if client coordination fails.,"R03, R05–R09; U01","PC-AT-28,PC-AT-46",Not implemented or tested by this document
PRJ-DRF-011,DRF,T,Must for applicable release,Preserve corrupt and future-version drafts,"A decode error, unsupported schema or multiple inconsistent legacy records shall show a recovery problem and preserve quarantined data under access controls. It shall not silently start blank, map unknown party types to Other Contractor or discard unknown supported fields.","R03, R05–R09; U01","PC-AT-43,PC-AT-47",Not implemented or tested by this document
PRJ-DRF-012,DRF,T,Must for applicable release,Retire drafts after known outcomes,A confirmed created/updated result shall retire the matching draft with its result identity before cleanup. Tombstones/generations shall prevent stale writers resurrecting it. Cleanup failure shall not turn confirmed success into creation failure or issue another business command.,"R03, R05–R09; U01","PC-AT-30,PC-AT-48",Not implemented or tested by this document
PRJ-DRF-013,DRF,T,Must for applicable release,Recover incomplete uploads separately,"After a project exists, retain a per-file follow-up manifest until uploads are finalized or the user explicitly removes them from pending work. Retiring creation input shall not erase unresolved upload obligations or imply all files reached the server.","R03, R05–R09; U01","PC-AT-48,PC-AT-49",Not implemented or tested by this document
PRJ-DRF-014,DRF,G,Must for applicable release,No implied cloud or multi-draft capability,"Cross-device cloud draft sync, collaborative draft editing and a general multiple-draft catalogue shall remain disabled until privacy, conflict, retention, ownership and migration policies are approved. The core shall correctly recover the supported local draft rather than claim unsupported availability.","R03, R05–R09; U01",PC-AT-50,Not implemented or tested by this document
PRJ-CMD-001,CMD,R,Must for applicable release,Trusted connected commit only,"Project creation, activation, update and access changes shall require connectivity and the authorized RPC path. Generic collection sync, widget-level Supabase writes and automatic offline critical-command replay shall not substitute for a trusted transaction.","R01, R03, R08, R10–R12; A01","PC-AT-03,PC-AT-04,PC-AT-51",Not implemented or tested by this document
PRJ-CMD-002,CMD,R,Must for applicable release,Atomic core creation,"The core create command shall commit all required project, Common, building, initial membership, default folder and audit effects together or none. Failure injection shall prove no partial core project or orphan member/folder survives a rollback.","R01, R03, R08, R10–R12; A01","PC-AT-05,PC-AT-51,PC-AT-52",Not implemented or tested by this document
PRJ-CMD-003,CMD,T,Must for applicable release,One durable reviewed intent,"Before a critical request can leave the client, persist its operation kind, stable idempotency key, exact canonical payload/hash and expected versions. While its outcome is uncertain, editing the visible form shall not change the submitted intent; a new payload requires reconciliation and a new explicit intent.","R01, R03, R08, R10–R12; A01","PC-AT-30,PC-AT-45,PC-AT-53",Not implemented or tested by this document
PRJ-CMD-004,CMD,R,Must for applicable release,Server idempotency and concurrency,"The server shall return the original result for same-key/same-payload replay, reject same-key/different-payload reuse and enforce relevant uniqueness/versions under transaction locks. Double clicks, tab races or network retries shall not duplicate project, activation, membership or audit effects.","R01, R03, R08, R10–R12; A01","PC-AT-17,PC-AT-45,PC-AT-52,PC-AT-53",Not implemented or tested by this document
PRJ-CMD-005,CMD,T,Must for applicable release,Phase-aware result journal,The coordinator shall persist known create/update result IDs and separate activation/upload outcomes. It shall resume from the earliest unresolved phase rather than rerun successful phases with fresh keys. Confirmed success remains success even if a subsequent phase fails.,"R01, R03, R08, R10–R12; A01","PC-AT-11,PC-AT-48,PC-AT-49,PC-AT-54",Not implemented or tested by this document
PRJ-CMD-006,CMD,T,Must for applicable release,Explicit uncertain-outcome state,"A timeout or dropped connection after dispatch shall show “We are checking whether your project was saved,” not definitive Not saved. Retain the original key/payload; reconcile through the supported idempotent command/read. Distinguish this from a known pre-send offline failure.","R01, R03, R08, R10–R12; A01","PC-AT-53,PC-AT-54",Not implemented or tested by this document
PRJ-CMD-007,CMD,T,Must for applicable release,Reliable activation bridge,"Activation shall use the existing authorized lifecycle command with a persisted phase key and expected version. If it fails or a PE is unavailable, show the created Draft project with a specific next action; do not recreate it or silently promote a member.","R01, R03, R08, R10–R12; A01","PC-AT-10,PC-AT-11,PC-AT-54",Not implemented or tested by this document
PRJ-CMD-008,CMD,T,Must for applicable release,Independent file completion,"An attachment failure after creation/update shall report “Project saved; some files need attention,” with per-file recovery. It shall neither roll back an already committed project nor label the whole operation failed. Selected file metadata alone is not a finalized document.","R01, R03, R08, R10–R12; A01","PC-AT-49,PC-AT-54",Not implemented or tested by this document
PRJ-CMD-009,CMD,T,Must for applicable release,Bounded retry and escalation,"Retry transient reads and reconcilable commands with bounded backoff and jitter, honoring server retry guidance. Do not retry denied/invalid/conflicting writes blindly. Persistent uncertainty shall retain the journal and show a safe support reference; retry limits shall not delete pending intent.","R01, R03, R08, R10–R12; A01","PC-AT-24,PC-AT-53,PC-AT-55",Not implemented or tested by this document
PRJ-CMD-010,CMD,T,Must for applicable release,Fresh read generations and invalidation,"Late search, directory and portfolio responses shall not replace newer context. After confirmed mutation, invalidate affected authorized project/portfolio, scope, team and document views. A refreshed summary shall not overwrite unpublished field edits.","R01, R03, R08, R10–R12; A01","PC-AT-25,PC-AT-56",Not implemented or tested by this document
PRJ-CMD-011,CMD,T,Must for applicable release,Success only from authority,"The UI shall present committed reference, lifecycle and result version only from a confirmed response or reconciliation. A green connection icon, local save time, elapsed spinner or PostHog event shall not be proof of server success.","R01, R03, R08, R10–R12; A01","PC-AT-29,PC-AT-48,PC-AT-54",Not implemented or tested by this document
PRJ-CMD-012,CMD,T,Must for applicable release,Do not reset after post-commit housekeeping errors,"If refreshing, routing, analytics or local cleanup fails after commit, preserve the confirmed result and provide retry/open-existing controls. Never clear that result, issue another create or ask the user to re-enter the project because housekeeping failed.","R01, R03, R08, R10–R12; A01","PC-AT-48,PC-AT-54",Not implemented or tested by this document
PRJ-EDT-001,EDT,T,Must for applicable release,Durable unpublished edit proposal,"An edit shall load the authorized complete setup snapshot, preserve its base version and save only local proposal changes until the user explicitly applies Save changes. Reopening shall compare latest server state before applying or refreshing the proposal.","R03, R08–R12; A01","PC-AT-02,PC-AT-42,PC-AT-57",Not implemented or tested by this document
PRJ-EDT-002,EDT,T,Must for applicable release,Review an actual diff,"Review changes shall show added, changed and retired fields/rows with readable before/after values, including cleared values and team/file side effects already applied separately. An unchanged save shall be a no-op rather than producing meaningless project_updated events.","R03, R08–R12; A01","PC-AT-18,PC-AT-57",Not implemented or tested by this document
PRJ-EDT-003,EDT,R,Must for applicable release,Retain building identities,"Editing or reordering existing buildings shall retain their immutable source scope IDs and downstream links. Names/codes shall not be used to recreate or merge scopes; a renamed building remains the same scope in BOQ, MR, documents and Accounts.","R03, R08–R12; A01","PC-AT-06,PC-AT-42,PC-AT-58",Not implemented or tested by this document
PRJ-EDT-004,EDT,T,Must for applicable release,Preserve complete known metadata,"Edit serialization shall preserve allowed contact fields, scope flags and supported hidden values when unrelated fields change. The draft envelope shall retain sourceScopeId, and explicit FRP false shall override an earlier true value rather than vanish from a merged flags map.","R03, R08–R12; A01","PC-AT-18,PC-AT-42,PC-AT-58",Not implemented or tested by this document
PRJ-EDT-005,EDT,T,Must for applicable release,Conflict-aware save,"Updates shall use fresh expected-version checks. On conflict, preserve the proposal and offer a reviewable three-way comparison of base, latest and proposed authorized values. Never use silent last-write-wins or automatically merge conflicting building/team sets.","R03, R08–R12; A01","PC-AT-46,PC-AT-57,PC-AT-59",Not implemented or tested by this document
PRJ-EDT-006,EDT,R,Must for applicable release,Retire rather than delete linked buildings,Removing a persisted building shall retain its historical scope and downstream records through the supported retirement/deactivation path. Common shall remain immutable. No generic row delete or creation import may hard-delete used scopes.,"R03, R08–R12; A01","PC-AT-06,PC-AT-58,PC-AT-60",Not implemented or tested by this document
PRJ-EDT-007,EDT,T,Must for applicable release,Dependency-aware retirement preview,"Before a persisted building is retired, present authorized operational and commercial dependencies. Block unsupported retirement that would strand active work or an active commercial allocation; require the existing controlled reconciliation path. Do not silently rewrite Accounts baselines, claims or historical documents.","R03, R08–R12; A01","PC-AT-07,PC-AT-60",Not implemented or tested by this document
PRJ-EDT-008,EDT,T,Must for applicable release,Membership changes are visibly separate,"In edit mode, Parties & access shall show current authorized membership and a Manage access entry point only when allowed. Its apply action shall state that access changes take effect independently; the project Save action shall not pretend it atomically includes those separate commands.","R03, R08–R12; A01","PC-AT-09,PC-AT-10,PC-AT-57",Not implemented or tested by this document
PRJ-EDT-009,EDT,T,Must for applicable release,Preserve unknown and legacy semantics,"Unknown/legacy fields shall be retained or quarantined for explicit reconciliation according to the approved migration contract. Do not translate authorityRef into Other Contractor, promote legacy engineer roles, or erase information because the new form lacks a field.","R03, R08–R12; A01","PC-AT-18,PC-AT-43,PC-AT-58",Not implemented or tested by this document
PRJ-EDT-010,EDT,T,Must for applicable release,Post-edit return context,"After confirmed save, return to the same project and relevant section, refresh the permitted current version and preserve list navigation context. A local edit draft for that result shall retire; unresolved attachment follow-up shall remain recoverable.","R03, R08–R12; A01","PC-AT-27,PC-AT-56,PC-AT-57",Not implemented or tested by this document
PRJ-BLD-001,BLD,R,Must for applicable release,Physical building and Common distinction,"The form shall collect only physical buildings. It shall explain that Common / All Buildings is created automatically and is not a fifth building, a billing allocation or an editable duplicate scope.","R03, R08, R09, R12","PC-AT-05,PC-AT-06",Not implemented or tested by this document
PRJ-BLD-002,BLD,T,Must for applicable release,Stable local row model,"Each uncommitted building and repeatable party shall receive a stable local row ID independent of visual order. Row edit, undo, draft restore and mapped server results shall preserve identity and values without relying on array index alone.","R03, R08, R09, R12","PC-AT-23,PC-AT-37,PC-AT-58",Not implemented or tested by this document
PRJ-BLD-003,BLD,T,Must for applicable release,No hidden carry-forward,"After Add building, the next blank editor shall not silently inherit FRP, floors or address. An explicit Add another like this action may prefill a reviewed copy with a visibly suggested unused code; it shall never add an unintended building without confirmation.","R03, R08, R09, R12","PC-AT-08,PC-AT-37,PC-AT-61",Not implemented or tested by this document
PRJ-BLD-004,BLD,R,Must for applicable release,"Labels, not inferred floor counts",Floors/levels shall retain the approved list-of-labels meaning and optionality. No numeric control shall convert “3” into three floors or flatten B1/G/Roof into a count. FRP shall remain a per-building boolean without a capacity field.,"R03, R08, R09, R12","PC-AT-08,PC-AT-16,PC-AT-61",Not implemented or tested by this document
PRJ-BLD-005,BLD,T,Must for applicable release,Immediate duplicate and invalid-code feedback,"Validate an entered building code before applying its row and at final commit, using current server normalization and constraints. Blank code is allowed where server generation is supported; duplicates shall point to the local row without silently appending a suffix to the committed code.","R03, R08, R09, R12","PC-AT-17,PC-AT-21,PC-AT-61",Not implemented or tested by this document
PRJ-BLD-006,BLD,T,Must for applicable release,Helpful address reuse,Copy site location shall be an explicit reversible action. Later changing site location shall not silently rewrite individual delivery addresses; offer a reviewable bulk update only if approved and authorized.,"R03, R08, R09, R12","PC-AT-22,PC-AT-61",Not implemented or tested by this document
PRJ-BLD-007,BLD,T,Must for applicable release,Incomplete editor exit control,"Moving from a dirty building/party editor shall retain it or offer Apply to draft / Keep unfinished / Discard. Final review shall clearly distinguish added rows from unfinished inputs, so an apparently filled row cannot be omitted unnoticed.","R03, R08, R09, R12","PC-AT-23,PC-AT-25,PC-AT-37",Not implemented or tested by this document
PRJ-DOC-001,DOC,R,Must for applicable release,Reuse controlled document services,"Attachments shall use the existing protected document/version/link service, storage authorization and finalization. No parallel public bucket, arbitrary object-path field or direct widget upload shall bypass classification and entity access.","R01, R08, A01","PC-AT-49,PC-AT-62",Not implemented or tested by this document
PRJ-DOC-002,DOC,T,Must for applicable release,Truthful file lifecycle,"Every selected file shall show Selected on this device, Reselect required, Uploading, Finalizing, Ready, Failed or Removed from pending work as applicable. Only successful server finalization/linking shall be labelled Uploaded/Ready.","R01, R08, A01","PC-AT-49,PC-AT-62",Not implemented or tested by this document
PRJ-DOC-003,DOC,T,Must for applicable release,Rerequest bytes safely,"After reload, keep selected file metadata and explain when bytes must be reselected. Filename alone shall not prove the same file; compare supported size/hash metadata and require confirmation for changed content. Do not promise persistent browser file permission or byte recovery that is not implemented.","R01, R08, A01","PC-AT-42,PC-AT-49,PC-AT-62",Not implemented or tested by this document
PRJ-DOC-004,DOC,T,Must for applicable release,Per-file durable retry intent,Upload attempts shall use stable file-intent IDs and supported idempotent finalize/link commands. A retry after unknown outcome shall check the existing intent/document before uploading another copy. Partial progress shall remain visible after navigation and project success.,"R01, R08, A01","PC-AT-49,PC-AT-53,PC-AT-62",Not implemented or tested by this document
PRJ-DOC-005,DOC,T,Must for applicable release,Configured validation and classification,"Enforce existing extension, size, MIME/content and quarantine policy on both supported boundaries. Show configured limits. Commercially sensitive files shall use permitted classification/access; do not treat all files as unrestricted operational evidence or claim malware scanning without deployed support.","R01, R08, A01","PC-AT-13,PC-AT-62,PC-AT-63",Not implemented or tested by this document
PRJ-DOC-006,DOC,T,Must for applicable release,Optional uploads do not hold core creation hostage,Users shall be able to proceed without optional documents. Meaningful selected files missing bytes or failing validation require an explicit reselect/remove/defer choice. A committed project remains accessible while permitted uploads are recovered.,"R01, R08, A01","PC-AT-29,PC-AT-49",Not implemented or tested by this document
PRJ-DOC-007,DOC,T,Must for applicable release,Do not destroy used evidence,Remove from local selection shall not delete an existing document. Existing file deletion/version replacement shall follow the controlled document policy and retain used evidence. Preview must be appropriate to file type; a ZIP shall not promise a native document preview unless supported.,"R01, R08, A01","PC-AT-06,PC-AT-62,PC-AT-63",Not implemented or tested by this document
PRJ-IMP-001,IMP,G,Must for applicable release,Gate general project imports,"A general Excel/CSV project-import feature shall remain unavailable until mappings, authorization, validation, conflict/duplicate behavior and rollback are approved. A file-upload control shall never silently parse and apply project or membership data.","R01, R03, R13, A01","PC-AT-36,PC-AT-50,PC-AT-64",Not implemented or tested by this document
PRJ-IMP-002,IMP,T,Must for applicable release,Preview draft-only bulk input,"An approved building paste/import preview shall show source columns, mapped fields, included/excluded rows and field-specific errors. Apply to draft shall modify only local proposal rows; final project creation/update still requires the normal review and trusted command.","R01, R03, R13, A01","PC-AT-36,PC-AT-64",Not implemented or tested by this document
PRJ-IMP-003,IMP,T,Must for applicable release,Preserve provenance and identity,"For approved imports, retain content fingerprint, source schema/mapping version, source row/sheet references, normalized changes, exclusions and importer attribution. Same filename is not identity; a renamed duplicate shall not become a second committed import.","R01, R03, R13, A01","PC-AT-64,PC-AT-65",Not implemented or tested by this document
PRJ-IMP-004,IMP,T,Must for applicable release,No hidden security or financial import,"Import mappings shall not create external accounts, grant roles, assign unauthorized members, reinterpret legacy identities, seed financial baselines or change existing money. Unknown fields and contradictory project references shall be shown for reconciliation, not guessed.","R01, R03, R13, A01","PC-AT-03,PC-AT-07,PC-AT-64",Not implemented or tested by this document
PRJ-IMP-005,IMP,T,Must for applicable release,Idempotent audited apply,"A committed import shall use a protected versioned command or approved orchestrated commands with an explicit partial-result contract. Replaying the same approved intent shall not duplicate records or audit effects. A changed mapping shall be a new reviewed decision, not an invisible bypass.","R01, R03, R13, A01","PC-AT-52,PC-AT-64,PC-AT-65",Not implemented or tested by this document
PRJ-IMP-006,IMP,T,Must for applicable release,Treat workbook content as untrusted,"Import parsing shall not execute macros, formulas, external links or embedded scripts. Preserve textual references and leading zeroes; flag unsupported/ambiguous dates and types. Exports of user text shall neutralize spreadsheet formula injection under the existing export policy.","R01, R03, R13, A01","PC-AT-36,PC-AT-63,PC-AT-64",Not implemented or tested by this document
PRJ-ERR-001,ERR,T,Must for applicable release,Safe localized error taxonomy,"The controller shall expose distinct validation, duplicate, denied, expired-session, conflict, dependency, storage, pre-send offline, service and post-send uncertain states. The UI shall use durable localized messages with next actions and no raw SQL, tokens, stack traces or unrelated record details.","R08, R10, R11; E01, E04","PC-AT-21,PC-AT-24,PC-AT-53",Not implemented or tested by this document
PRJ-ERR-002,ERR,T,Must for applicable release,Known outcome outranks later errors,"A committed create/update result shall remain visible even if activation, uploads, refresh or cleanup later fails. Error summaries shall identify the failed phase and successful phases. No generic “Project creation failed” message may replace a confirmed project ID.","R08, R10, R11; E01, E04","PC-AT-48,PC-AT-49,PC-AT-54",Not implemented or tested by this document
PRJ-ERR-003,ERR,T,Must for applicable release,Per-field server errors,"Where the server returns safe structured field/row errors, map them to the originating control with stable row identity and preserve user text. A generic invalid-input response shall not invent a more specific cause; provide a review action and safe diagnostic reference.","R08, R10, R11; E01, E04","PC-AT-17,PC-AT-21,PC-AT-61",Not implemented or tested by this document
PRJ-ERR-004,ERR,T,Must for applicable release,Support without sensitive telemetry,"A copyable support reference may link an authorized diagnostic record or operation, but PostHog shall receive only allowed categorical errors/counts. Never expose a privileged request payload, personal notes or access-restricted response in a support popup.","R08, R10, R11; E01, E04","PC-AT-24,PC-AT-55,PC-AT-63",Not implemented or tested by this document
PRJ-AUD-001,AUD,R,Must for applicable release,Transactional server audit,"Each committed critical project, scope, membership and lifecycle change shall append required server-owned audit in the same transaction. Failure of required audit shall fail that mutation; client-side analytics success is insufficient.","R01, R03, R12, R13; A01","PC-AT-05,PC-AT-52,PC-AT-65",Not implemented or tested by this document
PRJ-AUD-002,AUD,T,Must for applicable release,Complete import and update provenance,"Audit shall retain the meaningful permitted before/after or immutable revision references, exact actor/role, trusted timestamp, versions, reason and import/source mapping where applicable. Source business dates shall not impersonate the time or author of a historical action.","R01, R03, R12, R13; A01","PC-AT-58,PC-AT-64,PC-AT-65",Not implemented or tested by this document
PRJ-AUD-003,AUD,R,Must for applicable release,Append-only accountability,Normal application users shall not rewrite committed audit or historical membership/document facts. Corrections and retirement shall append new linked events. Existing actor identities and source import lineage shall survive UI changes.,"R01, R03, R12, R13; A01","PC-AT-06,PC-AT-65",Not implemented or tested by this document
PRJ-AUD-004,AUD,T,Must for applicable release,Readable audit presentation,"Activity shall use plain-language action names, changed field summaries and authorized record links. Private local saves and failed previews shall not appear as completed project imports or live updates. Sensitive snapshots remain capability-controlled.","R01, R03, R12, R13; A01","PC-AT-38,PC-AT-65",Not implemented or tested by this document
PRJ-ANA-001,ANA,R,Must for applicable release,Reuse schema-v2 analytics boundary,"Instrumentation shall use the existing guarded AnalyticsService and central event/property allowlists in all sinks. No feature widget shall initialize a second SDK, call Posthog().capture directly or dual-send historical schema-v1 events.","R11, R13",PC-AT-66,Not implemented or tested by this document
PRJ-ANA-002,ANA,R,Must for applicable release,Privacy-safe context only,"Capture only approved common context, enumerations, booleans, bounded counts/durations and categorical error codes. Never send project/draft/record/reference IDs, names, inputs, file names/content, hashes, bank/financial data, URLs, SQL, raw exceptions or tokens.","R11, R13","PC-AT-63,PC-AT-66",Not implemented or tested by this document
PRJ-ANA-003,ANA,T,Must for applicable release,Measure phases without redefining success,"Preserve existing project-created/update event semantics and distinguish local save, server create, activation and upload outcomes. Add proposed events only with central schema/test updates. Unknown outcomes shall not inflate definitive failure or success counts.","R11, R13","PC-AT-53,PC-AT-54,PC-AT-66",Not implemented or tested by this document
PRJ-ANA-004,ANA,T,Must for applicable release,Nonblocking bounded telemetry,"Analytics initialization, capture, queuing, identity reset and transport failure shall not delay or block draft writes or business commands. Honor environment opt-in and bounded queues; native Windows telemetry remains a no-op where the chosen SDK is unsupported.","R11, R13","PC-AT-55,PC-AT-66",Not implemented or tested by this document
PRJ-ANA-005,ANA,T,Must for applicable release,Friction is not user blame,"Use existing repeated-action, no-feedback and validation-loop contracts with controlled categories; normal keyboard navigation or route exit is not failure. Do not infer abandonment, frustration or an exact cross-session funnel without an approved measurement design.","R11, R13","PC-AT-27,PC-AT-66,PC-AT-67",Not implemented or tested by this document
PRJ-ANA-006,ANA,T,Must for applicable release,Dashboard and release comparison,"Provide aggregate dashboards for create/update confirmed outcomes, uncertain/reconciled outcomes, per-phase latency, local-save failure, activation blockers and upload finalization. Compare releases/platforms/roles with denominators and sample sizes; missing analytics is not proof of zero errors.","R11, R13","PC-AT-66,PC-AT-67",Not implemented or tested by this document
PRJ-ANA-007,ANA,R,Must for applicable release,Do not enable invasive capture,"Production Session Replay, Canvas Capture and automatic browser/exception capture shall remain off under the existing contract. Adding a workflow-run ID, broader identity, or replay requires a separate approved privacy decision and verified masking.","R11, R13","PC-AT-63,PC-AT-66",Not implemented or tested by this document
PRJ-INT-001,INT,R,Must for applicable release,Keep architectural seams,"Widgets shall call Riverpod controllers, which use typed repositories and existing protected RPC/storage services. Realtime shall trigger authorized refresh only. Do not bypass domain commands with generic JSON upserts or move backend logic into a form widget.","R01, R03, R05–R12","PC-AT-04,PC-AT-51,PC-AT-68",Not implemented or tested by this document
PRJ-INT-002,INT,T,Must for applicable release,Explicit adapter contracts,"Define versioned typed adapters for draft storage, pending intents, files, field errors and project payloads. Map target semantics to real current commands, limits and schema. Preserve old JSON decoding or quarantine incompatible records without loss.","R01, R03, R05–R12","PC-AT-43,PC-AT-47,PC-AT-68",Not implemented or tested by this document
PRJ-INT-003,INT,T,Must for applicable release,Complete schema and round-trip tests,"Tests shall verify null versus blank, raw partial dates, false FRP, hidden contacts/flags, scope IDs, local row IDs, order and edited collections through save, reload, mapping and server response. A “looks right” screenshot is not round-trip evidence.","R01, R03, R05–R12","PC-AT-18,PC-AT-42,PC-AT-58,PC-AT-68",Not implemented or tested by this document
PRJ-INT-004,INT,T,Must for applicable release,Environment and secret safety,"Build/runtime configuration shall select explicit intended backend and fail closed if missing. No service-role credential, signed private URL, draft payload or privileged diagnostic shall enter browser assets or analytics. Read-only research does not authorize production writes.","R01, R03, R05–R12","PC-AT-03,PC-AT-13,PC-AT-63,PC-AT-68",Not implemented or tested by this document
PRJ-NFR-001,NFR,T,Must for applicable release,Measured interaction performance,"Validate the stated reference-device input, save and request targets using recorded traces and declared workload. Use bounded directory search, debouncing and request generations rather than fetching complete unrestricted lists. Missing infrastructure measurements shall be reported, not assumed from a hosting plan.","R01, R13; E01–E06","PC-AT-33,PC-AT-39,PC-AT-67",Not implemented or tested by this document
PRJ-NFR-002,NFR,T,Must for applicable release,Fault-injection recovery gate,"Before release, exercise failure at every core/phase boundary and prove no duplicate effect, unauthorized overwrite, lost acknowledged draft or false committed status. Coverage shall include actual storage-adapter behavior, not only mocked widgets.","R01, R13; E01–E06","PC-AT-44,PC-AT-45,PC-AT-48,PC-AT-52,PC-AT-53,PC-AT-54",Not implemented or tested by this document
PRJ-NFR-003,NFR,T,Must for applicable release,Visual evidence from working screens,"Capture real build screenshots for all five create steps, edit/review, validation, draft resume, offline, conflict and partial success on desktop/tablet/phone. Compare alignment, legibility, focus and footer behavior, not only resemblance to AI images.","R01, R13; E01–E06","PC-AT-31,PC-AT-33,PC-AT-38,PC-AT-39",Not implemented or tested by this document
PRJ-NFR-004,NFR,T,Must for applicable release,User acceptance is required,"Office and site users shall perform create, resume, edit, error recovery and file retry tasks with keyboard and touch. Record completion, errors and ease scores. Resolve critical usability failures before describing the experience as accepted.","R01, R13; E01–E06","PC-AT-29,PC-AT-31,PC-AT-67",Not implemented or tested by this document
PRJ-NFR-005,NFR,R,Must for applicable release,Additive isolated delivery,"Changes shall preserve existing authentication, MR/BOQ workflow, Accounts, scope/membership/document history and unrelated modules. Migrations shall be reviewed, repeatable and non-destructive, with old/new-client compatibility and rollback evidence where applicable.","R01, R13; E01–E06","PC-AT-06,PC-AT-43,PC-AT-68",Not implemented or tested by this document
PRJ-NFR-006,NFR,T,Must for applicable release,Feature and rollout discipline,"New unaccepted behavior shall remain guarded according to repository release policy. Rollback shall restore consumers without deleting projects, pending outcome journals, evidence or audit. Deployments, production migrations and flag changes require separate authorization.","R01, R13; E01–E06","PC-AT-50,PC-AT-68",Not implemented or tested by this document
PRJ-NFR-007,NFR,T,Must for applicable release,Document actual test results,"The implementation handoff shall record branch/commit, files, migrations, commands, tests, screenshots, unresolved issues and executed versus unexecuted gates. A plan, source inspection or AI assertion shall never be marked as a passed production test.","R01, R13; E01–E06",PC-AT-68,Not implemented or tested by this document
